Workbook
Name InvestimentoMensal: Inicio!$B$16:$D$21
Name Perfil: Inicio!$B$30:$D$31
Name Configurações: Inicio!$B$11:$D$14
Name fiitype: Inicio!$B$33:$D$40
Name Cenarios: Inicio!$B$23:$D$28

Sheet Inicio
B11: configurações
B12: Salario | D12: 2000
B13: Rendimento da carteira | D13: 0.006
B14: Sugestão de investimento | D14: =D12*30% -> 600
B16: INVESTIMENTO MENSAL
B17: Quanto vou investir por mês? | D17: =D14 -> 600
B18: Por quantos anos? | D18: 10
B19: Taxa de rendimento mensal? | D19: 0.01079
B20: patromio acumulado? | D20: =FV(D19,D18*12,D17,0)*-1 -> 145970.53
B21: dividendos mensais? | D21: =D20*$D$13 -> 875.82317
B23: Cenários | D23: dividendo
A24: 2 | B24: Quanto em 2 anos? | C24: =FV($D$19,A24*12,$D$17)*-1 -> 16336.576 | D24: =C24*$D$13 -> 98.019458
A25: 5 | B25: Quanto em 5 anos? | C25: =FV($D$19,A25*12,$D$17)*-1 -> 50266.148 | D25: =C25*$D$13 -> 301.59689
A26: 10 | B26: Quanto em 10 anos? | C26: =FV($D$19,A26*12,$D$17)*-1 -> 145970.53 | D26: =C26*$D$13 -> 875.82317
A27: 20 | B27: Quanto em 20 anos? | C27: =FV($D$19,A27*12,$D$17)*-1 -> 675119.04 | D27: =C27*$D$13 -> 4050.7142
A28: 30 | B28: Quanto em 30 anos? | C28: =FV($D$19,A28*12,$D$17)*-1 -> 2593301.8 | D28: =C28*$D$13 -> 15559.811
B30: Perfil | C30: Agressivo
B31: Valor a ser investido por mês | C31: =D14 -> 600
B33: Tipo de fill | C33: Percentual sugerido | D33: Valores
B34: papel | C34: =VLOOKUP($C$30&"-"&B34,Apoio!A3:D24,4,0) -> 0.5 | D34: =$C$31*C34 -> 300
B35: tijolo | C35: =VLOOKUP($C$30&"-"&B35,Apoio!A4:D25,4,0) -> 0.1 | D35: =$C$31*C35 -> 60
B36: Hibridos | C36: =VLOOKUP($C$30&"-"&B36,Apoio!A5:D26,4,0) -> 0.05 | D36: =$C$31*C36 -> 30
B37: FOFs | C37: =VLOOKUP($C$30&"-"&B37,Apoio!A6:D27,4,0) -> 0.05 | D37: =$C$31*C37 -> 30
B38: Desenvolvimento | C38: =VLOOKUP($C$30&"-"&B38,Apoio!A7:D28,4,0) -> 0.2 | D38: =$C$31*C38 -> 120
B39: Hotelarias | C39: =VLOOKUP($C$30&"-"&B39,Apoio!A8:D29,4,0) -> 0.1 | D39: =$C$31*C39 -> 60
D40: =SUM(D34:D39) -> 600

Sheet Apoio
A2: Chave | B2: Perfil | C2: Tipo de fii | D2: %
A3: =B3&"-"&C3 -> Concervador-papel | B3: Concervador | C3: papel | D3: 0.3
A4: =B4&"-"&C4 -> Concervador-tijolo | B4: Concervador | C4: tijolo | D4: 0.5
A5: =B5&"-"&C5 -> Concervador-Hibridos | B5: Concervador | C5: Hibridos | D5: 0.1
A6: =B6&"-"&C6 -> Concervador-FOFs | B6: Concervador | C6: FOFs | D6: 0.1
A7: =B7&"-"&C7 -> Concervador-Desenvolvimento | B7: Concervador | C7: Desenvolvimento | D7: 0
A8: =B8&"-"&C8 -> Concervador-Hotelarias | B8: Concervador | C8: Hotelarias | D8: 0
A10: Chave | B10: Perfil | C10: Tipo de fii | D10: %
A11: =B11&"-"&C11 -> Moderado-papel | B11: Moderado | C11: papel | D11: 0.32
A12: =B12&"-"&C12 -> Moderado-tijolo | B12: Moderado | C12: tijolo | D12: 0.4
A13: =B13&"-"&C13 -> Moderado-Hibridos | B13: Moderado | C13: Hibridos | D13: 0.08
A14: =B14&"-"&C14 -> Moderado-FOFs | B14: Moderado | C14: FOFs | D14: 0.1
A15: =B15&"-"&C15 -> Moderado-Desenvolvimento | B15: Moderado | C15: Desenvolvimento | D15: 0
A16: =B16&"-"&C16 -> Moderado-Hotelarias | B16: Moderado | C16: Hotelarias | D16: 0.1
A18: Chave | B18: Perfil | C18: Tipo de fii | D18: %
A19: =B19&"-"&C19 -> Agressivo-papel | B19: Agressivo | C19: papel | D19: 0.5
A20: =B20&"-"&C20 -> Agressivo-tijolo | B20: Agressivo | C20: tijolo | D20: 0.1
A21: =B21&"-"&C21 -> Agressivo-Hibridos | B21: Agressivo | C21: Hibridos | D21: 0.05
A22: =B22&"-"&C22 -> Agressivo-FOFs | B22: Agressivo | C22: FOFs | D22: 0.05
A23: =B23&"-"&C23 -> Agressivo-Desenvolvimento | B23: Agressivo | C23: Desenvolvimento | D23: 0.2
A24: =B24&"-"&C24 -> Agressivo-Hotelarias | B24: Agressivo | C24: Hotelarias | D24: 0.1
